Bureau of Justice Statistics,,,
Filename: punf0211f02.csv,,,
"Figure 2. Residents with police contact who experienced threat or use of force, 2002, 2005, 2008, and 2011",,,
Report title:Police Use of Nonfatal Force. 2002-11  NCJ 249216,,,
"Data source:  Bureau Of Justice Statistics, Police-Public Contact Survey, 2002,2005,2008,2011.",,,
"Author: Shelley Hyland, Ph.D., Lynn Langton, Ph.D. and Elizabeth Davis, BJS Statisticians",,,
Refer questions to: askbjs@usdoj.gov   202-307-0765,,,
Date of version: 11/ /2015,,,
,,,
"Figure 2. Residents with police contact who experienced threat or use of force, 2002, 2005, 2008, and 2011",,,
,,,
,,,
,Estimate,Upper,Lower
2002,1.5,1.73,1.27
2005,1.6,1.91,1.29
2008,1.4,1.65,1.15
2011*,2,2.85,1.15
Note: Confidence intervals at the 95%-level are shown for each estimate. Includes U.S. residents age 16 or older. Based on most recent police contact in prior 12 months. See appendix table 5 for estimates and standard errors.,,,
*The PPCS instrument was redesigned in 2011. Estimates for 2011 are based on the 15% of sample who did not receive the revised survey instrument.,,,
"Source: Bureau of Justice Statistics, Police�Public Contact Survey (PPCS), 2002, 2005, 2008, and 2011.",,,
