Bureau of Justice Statistics,,,,,,,,,,,,,
Filename: punf0211at07.csv,,,,,,,,,,,,,
"Appendix table 7. Estimates and standard errors for figure 4: Residents with police contact who experienced threat or use of force, by type of contact, 2002, 2005, 2008, and 2011",,,,,,,,,,,,,
Report title:Police Use of Nonfatal Force. 2002-11  NCJ 249216,,,,,,,,,,,,,
"Data source:  Bureau Of Justice Statistics, Police-Public Contact Survey, 2002,2005,2008,2011.",,,,,,,,,,,,,
"Author: Shelley Hyland, Ph.D., Lynn Langton, Ph.D. and Elizabeth Davis, BJS Statisticians",,,,,,,,,,,,,
Refer questions to: askbjs@usdoj.gov   202-307-0765,,,,,,,,,,,,,
Date of version: 11/ /2015,,,,,,,,,,,,,
,,,,,,,,,,,,,
"Appendix table 7. Estimates and standard errors for figure 4: Residents with police contact who experienced threat or use of force, by type of contact, 2002, 2005, 2008, and 2011",,,,,,,,,,,,,
,,,,,,,,,,,,,
,,,,,,,,,,,,,
,Estimates ,,,,,,,Standard errors,,,,,
,,,Other police-,,Voluntary contact ,,,,,,,Voluntary contact ,
Year,Driver in traffic stop,,initiated contact,,or accident,,,Driver in traffic stop,,Other police-initiated contact,,or accident,
2002,1.1,%,4.9,%,1,%,,0.15,%,0.55,%,0.14,%
2005,0.8,,7.2,,1,,,0.17,,1,,0.15,
2008,0.9,,5.7,,1,,,0.16,,0.85,,0.15,
2011,1.4, !,5.7,,1.2, !,,0.61,,2.12,,0.44,
"! Interpret with caution. Estimate based on 10 or fewer sample cases, or the coefficient of variation is greater than 50%. ",,,,,,,,,,,,,
"Source: Bureau of Justice Statistics, Police�Public Contact Survey, 2002, 2005, 2008, and 2011.",,,,,,,,,,,,,
