Bureau of Justice Statistics,,,,,,,,,
Filename: punf0211f03.csv,,,,,,,,,
"Figure 3. Residents with police contact who experienced threat or use of force, by race and Hispanic origin, 2002, 2005, 2008, and 2011",,,,,,,,,
Report title:Police Use of Nonfatal Force. 2002-11  NCJ 249216,,,,,,,,,
"Data source:  Bureau Of Justice Statistics, Police-Public Contact Survey, 2002,2005,2008,2011.",,,,,,,,,
"Author: Shelley Hyland, Ph.D., Lynn Langton, Ph.D. and Elizabeth Davis, BJS Statisticians",,,,,,,,,
Refer questions to: askbjs@usdoj.gov   202-307-0765,,,,,,,,,
Date of version: 11/ /2015,,,,,,,,,
,,,,,,,,,
"Figure 3. Residents with police contact who experienced threat or use of force, by race and Hispanic origin, 2002, 2005, 2008, and 2011",,,,,,,,,
,,,,,,,,,
,White/a,Black/a,Hispanic,WhiteHigh,WhiteLow,BlackHigh,BlackLow,High,HispanicLow
2002,1.08,3.48,2.45,1.3,0.86,4.43,1.89,3.33,1.57
2005,1.23,4.32,2.54,1.53,0.93,5.91,2.73,3.66,1.42
2008,1.16,3.43,1.64,1.42,0.9,4.95,1.91,2.5,0.78
2011*,1.94,2.79,1.67,2.97,0.91,5.96,-0.38,3.72,-0.38
Note: Confidence intervals at the 95%-level are shown for each estimate. Includes U.S. residents age 16 and older. Based on most recent police contact in prior 12 months. See appendix table 6 for estimates and standard errors. See appendix table 6.,,,,,,,,,
"! Interpret with caution. Estimates for blacks and Hispanics based on 10 or fewer sample cases, or the coefficient of variation is greater than 50%. ",,,,,,,,,
a/Excludes persons of Hispanic or Latino origin.,,,,,,,,,
b/The PPCS instrument was redesigned in 2011. Estimates for 2011 are based on the 15% of sample who did not receive the revised survey instrument.,,,,,,,,,
"Source: Bureau of Justice Statistics, Police�Public Contact Survey (PPCS), 2002, 2005, 2008, and 2011.",,,,,,,,,
