Bureau of Justice Statistics,,,,,,,,,
Filename: punf0211f04.csv,,,,,,,,,
"Figure 4. Residents with police contact who experienced threat or use of force, by type of contact, 2002, 2005, 2008, and 2011",,,,,,,,,
Report title:Police Use of Nonfatal Force. 2002-11  NCJ 249216,,,,,,,,,
"Data source:  Bureau Of Justice Statistics, Police-Public Contact Survey, 2002,2005,2008,2011.",,,,,,,,,
"Author: Shelley Hyland, Ph.D., Lynn Langton, Ph.D. and Elizabeth Davis, BJS Statisticians",,,,,,,,,
Refer questions to: askbjs@usdoj.gov   202-307-0765,,,,,,,,,
Date of version: 11/ /2015,,,,,,,,,
,,,,,,,,,
"Figure 4. Residents with police contact who experienced threat or use of force, by type of contact, 2002, 2005, 2008, and 2011",,,,,,,,,
,,,,,,,,,
,Driver in traffic stop,Other police-initiated contact/a,Voluntary contact or accident,HighDriver,LowDriver,HighOther,LowOther,HighVol,LowVol
2002,1.13,4.91,0.98,1.43,0.83,5.99,3.83,1.25,0.71
2005,0.83,7.24,1.02,1.15,0.51,9.21,5.27,1.32,0.72
2008,0.91,5.66,0.97,1.22,0.6,7.32,4,1.27,0.67
2011/b,1.43,5.66,1.23,2.63,0.23,9.81,1.51,2.1,0.36
Note: Confidence intervals at the 95%-level are shown for each estimate. Includes U.S. residents age 16 or older. Based on most recent police contact in prior 12 months. See appendix table 7 for estimates and standard errors.,,,,,,,,,
"! Interpret with caution. Based on 10 or fewer sample cases, or the coefficient of variation is greater than 50%. ",,,,,,,,,
"a/Includes contacts occurring because the resident was a suspect, the police were investigating a crime, or the resident was the passenger in a traffic stop.",,,,,,,,,
b/The PPCS instrument was redesigned in 2011. Estimates for 2011 are based on the 15% of sample who did not receive the revised survey instrument.,,,,,,,,,
"Source: Bureau of Justice Statistics, Police�Public Contact Survey (PPCS), 2002, 2005, 2008, and 2011.",,,,,,,,,
