Bureau of Justice Statistics,,,,,,,,,,,,,
Filename: punf0211at06.csv,,,,,,,,,,,,,
"Appendix table 6. Estimates and standard errors for figure 3: Residents with police contact who experienced threat or use of force, 2002, 2005, 2008, and 2011",,,,,,,,,,,,,
Report title:Police Use of Nonfatal Force. 2002-11  NCJ 249216,,,,,,,,,,,,,
"Data source:  Bureau Of Justice Statistics, Police-Public Contact Survey, 2002,2005,2008,2011.",,,,,,,,,,,,,
"Author: Shelley Hyland, Ph.D., Lynn Langton, Ph.D. and Elizabeth Davis, BJS Statisticians",,,,,,,,,,,,,
Refer questions to: askbjs@usdoj.gov   202-307-0765,,,,,,,,,,,,,
Date of version: 11/ /2015,,,,,,,,,,,,,
 ,,,,,,,,,,,,,
"Appendix table 6. Estimates and standard errors for figure 3: Residents with police contact who experienced threat or use of force, 2002, 2005, 2008, and 2011",,,,,,,,,,,,,
,Estimates,,,,,,,Standard errors,,,,,
Year,White,,Black,,Hispanic,,,White,,Black,,Hispanic,
2002,1.1,%,3.5,%,2.4,%,,0.11,%,0.48,%,0.45,%
2005,1.2,,4.3,,2.5,,,0.15,,0.81,,0.57,
2008,1.2,,3.4,,1.6,,,0.13,,0.78,,0.44,
2011,1.9,,2.8, !,1.7, !,,0.52,,1.62,,1.05,
"! Interpret with caution. Estimates for blacks and Hispanics based on 10 or fewer sample cases, or the coefficient of variation is greater than 50%. ",,,,,,,,,,,,,
"Source: Bureau of Justice Statistics, Police�Public Contact Survey, 2002, 2005, 2008, and 2011.",,,,,,,,,,,,,
