Bureau of Justice Statistics,,,,
Filename: punf0211at05.csv,,,,
"Appendix table 5. Estimates and standard errors for figure 2: Residents with police contact who experienced threat or use of force, 2002, 2005, 2008, and 2011",,,,
Report title:Police Use of Nonfatal Force. 2002-11  NCJ 249216,,,,
"Data source:  Bureau Of Justice Statistics, Police-Public Contact Survey, 2002,2005,2008,2011.",,,,
"Author: Shelley Hyland, Ph.D., Lynn Langton, Ph.D. and Elizabeth Davis, BJS Statisticians",,,,
Refer questions to: askbjs@usdoj.gov   202-307-0765,,,,
Date of version: 11/ /2015,,,,
,,,,
"Appendix table 5. Estimates and standard errors for figure 2: Residents with police contact who experienced threat or use of force, 2002, 2005, 2008, and 2011",,,,
Year,Estimate,,Standard error,
2002,1.5,%,0.12,%
2005,1.6,,0.16,
2008,1.4,,0.13,
2011,2,,0.43,
"Source: Bureau of Justice Statistics, Police�Public Contact Survey, 2002, 2005, 2008, and 2011.",,,,
